dataset,num_transactions,num_items,min_sup_rel,min_sup_abs,algorithm,status,time_min_s,time_mean_s,time_std_s,peak_mem_mb,num_freq_itemsets,search_min_s,tidset_build_s,speedup_vs_apriori
mushroom,8124,119,0.4,3250,apriori,ok,0.3364,0.3417,0.0039,0.2,565,,,17.613
mushroom,8124,119,0.4,3250,eclat,ok,0.0191,0.0191,0.0001,0.0,565,0.001,0.0181,17.613
mushroom,8124,119,0.3,2437,apriori,ok,1.359,1.359,0.0,1.2,2735,,,60.4
mushroom,8124,119,0.3,2437,eclat,ok,0.0225,0.0227,0.0001,0.4,2735,0.0044,0.0181,60.4
mushroom,8124,119,0.2,1625,apriori,ok,24.3477,24.3477,0.0,,53583,,,248.446
mushroom,8124,119,0.2,1625,eclat,ok,0.098,0.1025,0.004,9.1,53583,0.0799,0.0181,248.446
mushroom,8124,119,0.15,1219,apriori,ok,43.9696,43.9696,0.0,,98575,,,261.568
mushroom,8124,119,0.15,1219,eclat,ok,0.1681,0.1764,0.0074,18.1,98575,0.1499,0.0181,261.568
mushroom,8124,119,0.1,812,apriori,timeout,300.0172,300.0172,0.0,,552084,,,
mushroom,8124,119,0.1,812,eclat,ok,0.9404,0.9476,0.0077,92.4,574513,0.9223,0.0181,
T10I4D100K,100000,870,0.01,1000,apriori,ok,0.6832,0.6893,0.006,9.2,385,,,1.305
T10I4D100K,100000,870,0.01,1000,eclat,ok,0.5237,0.5253,0.0022,0.1,385,0.3996,0.1241,1.305
T10I4D100K,100000,870,0.007,700,apriori,ok,1.048,1.048,0.0,16.8,603,,,1.38
T10I4D100K,100000,870,0.007,700,eclat,ok,0.7593,0.7678,0.0062,0.2,603,0.6352,0.1241,1.38
T10I4D100K,100000,870,0.005,500,apriori,ok,2.1921,2.1921,0.0,20.7,1073,,,2.174
T10I4D100K,100000,870,0.005,500,eclat,ok,1.0081,1.0106,0.0026,0.2,1073,0.884,0.1241,2.174
T10I4D100K,100000,870,0.0035,350,apriori,ok,5.4224,5.4224,0.0,33.0,2761,,,4.221
T10I4D100K,100000,870,0.0035,350,eclat,ok,1.2847,1.2847,0.0,0.4,2761,1.1606,0.1241,4.221
T10I4D100K,100000,870,0.0025,250,apriori,ok,12.041,12.041,0.0,35.3,7703,,,7.951
T10I4D100K,100000,870,0.0025,250,eclat,ok,1.5144,1.5144,0.0,1.1,7703,1.3902,0.1241,7.951
